Model,Accuracy,Precision,Recall,F1-Score,ROC-AUC,True Negatives,False Positives,False Negatives,True Positives,Prediction Time (s)
XGBOOST,0.7888333333333334,0.6595744680851063,0.0934438583270535,0.16369636963696368,0.6731259003485044,4609,64,1203,124,0.16493511199951172
LIGHTGBM,0.768,0.47289407839866554,0.4272795779954785,0.4489311163895487,0.6600202610162018,4041,632,760,567,0.052831172943115234
RANDOM_FOREST,0.7853333333333333,0.5979899497487438,0.08967596081386586,0.1559633027522936,0.6535689560722655,4593,80,1208,119,0.07076334953308105
